{
  "picked": "raw",
  "rule": {
    "min_ece_gain": 0.005,
    "min_brier_gain": 0.002,
    "min_std_ratio": 0.5,
    "min_unique_ratio": 0.5,
    "n_bins_ece": 15
  },
  "metrics": {
    "raw": {
      "kind": "raw",
      "ece_raw": 0.1424820395650318,
      "ece_cal": 0.1424820395650318,
      "ece_gain": 0.0,
      "brier_raw": 0.2671238217455257,
      "brier_cal": 0.2671238217455257,
      "brier_gain": 0.0,
      "std_ratio": 0.9999999999954726,
      "unique_ratio": 1.0
    },
    "platt": {
      "kind": "platt",
      "ece_raw": 0.1424820395650318,
      "ece_cal": 0.013099091999396864,
      "ece_gain": 0.12938294756563495,
      "brier_raw": 0.2671238217455257,
      "brier_cal": 0.2406492620541075,
      "brier_gain": 0.02647455969141818,
      "std_ratio": 0.30515416040521876,
      "unique_ratio": 0.9888771186440678
    },
    "binned": {
      "kind": "binned",
      "error": "'IsotonicRegression' object has no attribute 'fit_predict'"
    },
    "isotonic": {
      "kind": "isotonic",
      "ece_raw": 0.1424820395650318,
      "ece_cal": 7.063456941252975e-17,
      "ece_gain": 0.14248203956503172,
      "brier_raw": 0.2671238217455257,
      "brier_cal": 0.2395283400119296,
      "brier_gain": 0.027595481733596078,
      "std_ratio": 0.34361609604240895,
      "unique_ratio": 0.00423728813559322
    }
  }
}