{
  "0.5": 0.04082630077314976,
  "0.55": 0.030785002931899442,
  "0.6": 0.03337326619833372,
  "0.65": 0.04014328049780115,
  "0.7": 0.041632359927563485,
  "0.75": 0.04042560764497199,
  "0.8": 0.04671962159954991,
  "0.85": 0.02229824124949308,
  "0.9": 0.10004502551187809,
  "0.95": 0.42363927237000715
}