{
  "picked": "raw",
  "rule": {
    "min_ece_gain": 0.005,
    "min_brier_gain": 0.002,
    "min_std_ratio": 0.5,
    "min_unique_ratio": 0.5,
    "n_bins_ece": 15
  },
  "metrics": {
    "raw": {
      "kind": "raw",
      "ece_raw": 0.11855447676876085,
      "ece_cal": 0.11855447676876085,
      "ece_gain": 0.0,
      "brier_raw": 0.2486814466561821,
      "brier_cal": 0.2486814466561821,
      "brier_gain": 0.0,
      "std_ratio": 0.9999999999876714,
      "unique_ratio": 1.0
    },
    "platt": {
      "kind": "platt",
      "ece_raw": 0.11855447676876085,
      "ece_cal": 0.00715461812922949,
      "ece_gain": 0.11139985863953136,
      "brier_raw": 0.2486814466561821,
      "brier_cal": 0.22704600204759753,
      "brier_gain": 0.021635444608584575,
      "std_ratio": 0.20836046810449949,
      "unique_ratio": 1.0
    },
    "binned": {
      "kind": "binned",
      "error": "'IsotonicRegression' object has no attribute 'fit_predict'"
    },
    "isotonic": {
      "kind": "isotonic",
      "ece_raw": 0.11855447676876085,
      "ece_cal": 1.1048982139554916e-16,
      "ece_gain": 0.11855447676876074,
      "brier_raw": 0.2486814466561821,
      "brier_cal": 0.22649161667304485,
      "brier_gain": 0.02218982998313726,
      "std_ratio": 0.5168317661350036,
      "unique_ratio": 0.010025062656641603
    }
  }
}